[
  {
    "title": "Project 1",
    "description": "Lorem ipsum dolor sit amet.",
    "image": "img/img.png",
    "category": "cat1",
    "skill": "basic",
    "fullContent": {
      "title": "Project 1 Details",
      "subtitle": "Lorem ipsum dolor sit amet, consectetur adipisicing elit.",
      "content": [
        "Lorem ipsum dolor sit amet, consectetur adipisicing elit. Illum praesentium officia, fugit recusandae ipsa, quia velit nulla adipisci?",
        "Illum quaerat asperiores aliquam voluptate saepe omnis porro excepturi in atque veritatis sapiente ipsam voluptates."
      ]
    }
  },
  {
    "title": "Project 2",
    "description": "Lorem ipsum dolor sit amet, consectetur adipisicing elit. Dolorum, dicta.",
    "image": "img/img.png",
    "category": "cat2",
    "skill": "intermediate",
    "fullContent": {
      "title": "Project 2 Details",
      "subtitle": "Lorem ipsum dolor sit amet, consectetur adipisicing elit.",
      "content": [
        "Lorem ipsum dolor sit amet, consectetur adipisicing elit. Illum praesentium officia, fugit recusandae ipsa, quia velit nulla adipisci?",
        "Illum quaerat asperiores aliquam voluptate saepe omnis porro excepturi in atque veritatis sapiente ipsam voluptates."
      ]
    }
  },
  {
    "title": "Project 3",
    "description": "Lorem ipsum dolor sit amet.",
    "image": "img/img.png",
    "category": "cat3",
    "skill": "advanced",
    "fullContent": {
      "title": "Project 3 Details",
      "subtitle": "Lorem ipsum dolor sit amet, consectetur adipisicing elit.",
      "content": [
        "Lorem ipsum dolor sit amet, consectetur adipisicing elit. Illum praesentium officia, fugit recusandae ipsa, quia velit nulla adipisci?",
        "Illum quaerat asperiores aliquam voluptate saepe omnis porro excepturi in atque veritatis sapiente ipsam voluptates."
      ]
    }
  }
]
