[
  {
    "title": "Research Paper 1",
    "description": "Published in IEEE Journal of Robotics",
    "image": "img/img.png",
    "category": "journal",
    "skill": "advanced",
    "fullContent": {
      "title": "Machine Learning Applications in Robotics",
      "subtitle": "Published in IEEE Journal of Robotics, 2023",
      "content": [
        "This research paper explores the integration of machine learning algorithms with robotics.",
        "The study demonstrates significant improvements in process efficiency and error reduction."
      ]
    }
  },
  {
    "title": "Research Paper 2",
    "description": "International Conference on AI",
    "image": "img/img.png",
    "category": "conference",
    "skill": "advanced",
    "fullContent": {
      "title": "Neural Network Architecture for Embedded Systems",
      "subtitle": "International Conference on AI, 2022",
      "content": [
        "This paper presents innovative approaches to designing neural network architectures.",
        "Our research demonstrates that the proposed architecture reduces memory footprint by 60%."
      ]
    }
  },
  {
    "title": "Research Paper 3",
    "description": "Journal of Computer Vision and Pattern Recognition",
    "image": "img/img.png",
    "category": "journal",
    "skill": "advanced",
    "fullContent": {
      "title": "Real-time Object Detection for Autonomous Navigation Systems",
      "subtitle": "Journal of Computer Vision and Pattern Recognition, 2021",
      "content": [
        "This paper introduces a novel lightweight object detection algorithm designed specifically for real-time applications in autonomous navigation systems.",
        "Testing on standard benchmarks shows our approach achieves 30% faster inference time while maintaining comparable mAP scores to state-of-the-art methods, making it ideal for deployment in autonomous vehicles and drones."
      ]
    }
  }
]
