{
    "projects": [
        {
            "id": "1",
            "category": "projects",
            "skill": "basic",
            "image": "img/img.png",
            "title": "Project 1",
            "description": "Lorem ipsum dolor sit amet."
        },
        {
            "id": "2",
            "category": "research papers",
            "skill": "intermediate",
            "image": "img/img.png",
            "title": "Project 2",
            "description": "Lorem ipsum dolor sit amet, consectetur adipisicing elit. Dolorum, dicta."
        },
        {
            "id": "3",
            "category": "certifications",
            "skill": "advanced",
            "image": "img/img.png",
            "title": "Project 3",
            "description": "Lorem ipsum dolor sit amet."
        },
        {
            "id": "2",
            "category": "research papers",
            "skill": "intermediate",
            "image": "img/img.png",
            "title": "Project 2",
            "description": "Lorem ipsum dolor sit amet, consectetur adipisicing elit. Dolorum, dicta."
        },
        {
            "id": "3",
            "category": "certifications",
            "skill": "advanced",
            "image": "img/img.png",
            "title": "Project 3",
            "description": "Lorem ipsum dolor sit amet."
        }
    ]
}
