[
  {
    "title": "AWS Certified Solutions Architect",
    "description": "Amazon Web Services - Professional",
    "image": "img/img.png",
    "category": "cloud",
    "skill": "professional",
    "fullContent": {
      "title": "AWS Certified Solutions Architect",
      "subtitle": "Issued by Amazon Web Services, 2023",
      "content": [
        "This certification validates advanced technical skills and experience in designing applications on AWS.",
        "Topics covered include highly available, fault-tolerant systems and best practices."
      ]
    }
  },
  {
    "title": "TensorFlow Developer Certificate",
    "description": "Google - Machine Learning & AI",
    "image": "img/img.png",
    "category": "ai",
    "skill": "intermediate",
    "fullContent": {
      "title": "TensorFlow Developer Certificate",
      "subtitle": "Issued by Google, 2022",
      "content": [
        "This certification demonstrates proficiency in using TensorFlow.",
        "Skills validated include building and training neural networks for various applications."
      ]
    }
  },
  {
    "title": "Certified Kubernetes Administrator",
    "description": "Cloud Native Computing Foundation",
    "image": "img/img.png",
    "category": "devops",
    "skill": "advanced",
    "fullContent": {
      "title": "Certified Kubernetes Administrator (CKA)",
      "subtitle": "Issued by Cloud Native Computing Foundation, 2023",
      "content": [
        "This certification validates the ability to perform the responsibilities of Kubernetes administrators, including the deployment and management of production-grade Kubernetes clusters.",
        "Skills demonstrated include cluster architecture, installation, configuration, workloads and scheduling, services and networking, storage, troubleshooting, and more."
      ]
    }
  }
]
